-- --------------------------------------------------------
-- Host:                         127.0.0.1
-- Versión del servidor:         5.6.39-log - MySQL Community Server (GPL)
-- SO del servidor:              Win64
-- HeidiSQL Versión:             9.5.0.5196
-- --------------------------------------------------------

/*!40101 SET @OLD_CHARACTER_SET_CLIENT=@@CHARACTER_SET_CLIENT */;
/*!40101 SET NAMES utf8 */;
/*!50503 SET NAMES utf8mb4 */;
/*!40014 SET @OLD_FOREIGN_KEY_CHECKS=@@FOREIGN_KEY_CHECKS, FOREIGN_KEY_CHECKS=0 */;
/*!40101 SET @OLD_SQL_MODE=@@SQL_MODE, SQL_MODE='NO_AUTO_VALUE_ON_ZERO' */;


-- Volcando estructura de base de datos para mydatabase
DROP DATABASE IF EXISTS `mydatabase`;
CREATE DATABASE IF NOT EXISTS `mydatabase` /*!40100 DEFAULT CHARACTER SET latin1 */;
USE `mydatabase`;

-- Volcando estructura para tabla mydatabase.authomach
DROP TABLE IF EXISTS `authomach`;
CREATE TABLE IF NOT EXISTS `authomach` (
  `machineID` smallint(6) unsigned NOT NULL AUTO_INCREMENT,
  `machine` varchar(20) NOT NULL,
  `description` tinytext,
  `segmentID` smallint(6) unsigned DEFAULT NULL,
  `state` tinyint(1) DEFAULT NULL,
  PRIMARY KEY (`machineID`),
  KEY `SEGMA_FK` (`segmentID`),
  CONSTRAINT `SEGMA_FK` FOREIGN KEY (`segmentID`) REFERENCES `segment` (`segmentID`)
) ENGINE=InnoDB AUTO_INCREMENT=4 DEFAULT CHARSET=latin1;

-- Volcando datos para la tabla mydatabase.authomach: ~0 rows (aproximadamente)
DELETE FROM `authomach`;
/*!40000 ALTER TABLE `authomach` DISABLE KEYS */;
/*!40000 ALTER TABLE `authomach` ENABLE KEYS */;

-- Volcando estructura para tabla mydatabase.carries
DROP TABLE IF EXISTS `carries`;
CREATE TABLE IF NOT EXISTS `carries` (
  `orderProductID` smallint(6) unsigned NOT NULL AUTO_INCREMENT,
  `initialWorkstationID` smallint(6) unsigned DEFAULT NULL,
  `destinyWorkstationID` smallint(6) unsigned DEFAULT NULL,
  `machineID` smallint(6) unsigned DEFAULT NULL,
  `state` tinyint(1) DEFAULT NULL,
  KEY `ORDPRD_FK` (`orderProductID`),
  KEY `WORK_IN_FK` (`initialWorkstationID`),
  KEY `WORK_FIN_FK` (`destinyWorkstationID`),
  KEY `MACH_FK` (`machineID`),
  CONSTRAINT `MACH_FK` FOREIGN KEY (`machineID`) REFERENCES `authomach` (`machineID`),
  CONSTRAINT `ORDPRD_FK` FOREIGN KEY (`orderProductID`) REFERENCES `orderproduct` (`orderProductID`),
  CONSTRAINT `WORK_FIN_FK` FOREIGN KEY (`destinyWorkstationID`) REFERENCES `workstation` (`workstationID`),
  CONSTRAINT `WORK_IN_FK` FOREIGN KEY (`initialWorkstationID`) REFERENCES `workstation` (`workstationID`)
) ENGINE=InnoDB DEFAULT CHARSET=latin1;

-- Volcando datos para la tabla mydatabase.carries: ~0 rows (aproximadamente)
DELETE FROM `carries`;
/*!40000 ALTER TABLE `carries` DISABLE KEYS */;
/*!40000 ALTER TABLE `carries` ENABLE KEYS */;

-- Volcando estructura para tabla mydatabase.departament
DROP TABLE IF EXISTS `departament`;
CREATE TABLE IF NOT EXISTS `departament` (
  `departamentID` smallint(6) unsigned NOT NULL AUTO_INCREMENT,
  `departament_name` varchar(20) NOT NULL,
  `description` tinytext,
  PRIMARY KEY (`departamentID`)
) ENGINE=InnoDB AUTO_INCREMENT=7 DEFAULT CHARSET=latin1;

-- Volcando datos para la tabla mydatabase.departament: ~6 rows (aproximadamente)
DELETE FROM `departament`;
/*!40000 ALTER TABLE `departament` DISABLE KEYS */;
INSERT INTO `departament` (`departamentID`, `departament_name`, `description`) VALUES
	(1, 'Electronic', 'Electronic equipment'),
	(2, 'Sport', 'Sport equipment'),
	(3, 'Music', 'CDs, merchandise'),
	(4, 'Books', 'Book collection'),
	(5, 'Clothes', 't-shirts, jackets, suits, sweatshirt...'),
	(6, 'Shoes', 'sneakers, boots...');
/*!40000 ALTER TABLE `departament` ENABLE KEYS */;

-- Volcando estructura para tabla mydatabase.order
DROP TABLE IF EXISTS `order`;
CREATE TABLE IF NOT EXISTS `order` (
  `orderID` smallint(6) unsigned NOT NULL AUTO_INCREMENT,
  `date` date DEFAULT NULL,
  `userID` smallint(6) unsigned DEFAULT NULL,
  PRIMARY KEY (`orderID`),
  KEY `USR_FK` (`userID`),
  CONSTRAINT `USR_FK` FOREIGN KEY (`userID`) REFERENCES `user` (`userID`)
) ENGINE=InnoDB AUTO_INCREMENT=559 DEFAULT CHARSET=latin1;

-- Volcando datos para la tabla mydatabase.order: ~558 rows (aproximadamente)
DELETE FROM `order`;
/*!40000 ALTER TABLE `order` DISABLE KEYS */;
INSERT INTO `order` (`orderID`, `date`, `userID`) VALUES
	(1, '2018-01-01', 1),
	(2, '2018-01-02', 2),
	(3, '2018-01-03', 1),
	(4, '2018-01-03', 2),
	(5, '2018-01-03', 3),
	(6, '2018-01-04', 4),
	(7, '2018-01-05', 2),
	(8, '2018-01-06', 3),
	(9, '2018-01-07', 5),
	(10, '2018-01-08', 6),
	(11, '2018-01-09', 1),
	(12, '2018-01-10', 2),
	(13, '2018-01-11', 5),
	(14, '2018-01-12', 3),
	(15, '2018-01-13', 4),
	(16, '2018-01-14', 5),
	(17, '2018-01-15', 5),
	(18, '2018-01-16', 4),
	(19, '2018-01-17', 6),
	(20, '2018-01-18', 4),
	(21, '2018-01-19', 3),
	(22, '2018-01-20', 5),
	(23, '2018-01-20', 5),
	(24, '2018-01-20', 3),
	(25, '2018-01-20', 4),
	(26, '2018-01-21', 1),
	(27, '2018-01-21', 3),
	(28, '2018-01-21', 4),
	(29, '2018-01-22', 1),
	(30, '2018-01-22', 3),
	(31, '2018-01-22', 2),
	(32, '2018-01-23', 6),
	(33, '2018-01-24', 1),
	(34, '2018-01-25', 3),
	(35, '2018-01-26', 7),
	(36, '2018-01-27', 5),
	(37, '2018-01-28', 1),
	(38, '2018-01-29', 7),
	(39, '2018-01-30', 3),
	(40, '2018-01-31', 1),
	(41, '2018-02-01', 1),
	(42, '2018-02-02', 2),
	(43, '2018-02-02', 1),
	(44, '2018-02-02', 2),
	(45, '2018-02-03', 3),
	(46, '2018-02-04', 4),
	(47, '2018-02-04', 2),
	(48, '2018-02-04', 3),
	(49, '2018-02-05', 5),
	(50, '2018-02-05', 6),
	(51, '2018-02-06', 1),
	(52, '2018-02-06', 2),
	(53, '2018-02-06', 5),
	(54, '2018-02-07', 3),
	(55, '2018-02-08', 4),
	(56, '2018-02-09', 5),
	(57, '2018-02-10', 5),
	(58, '2018-02-10', 4),
	(59, '2018-02-11', 6),
	(60, '2018-02-12', 4),
	(61, '2018-02-12', 3),
	(62, '2018-02-12', 5),
	(63, '2018-02-13', 5),
	(64, '2018-02-14', 3),
	(65, '2018-02-14', 4),
	(66, '2018-02-15', 1),
	(67, '2018-02-16', 3),
	(68, '2018-02-16', 4),
	(69, '2018-02-17', 1),
	(70, '2018-02-18', 3),
	(71, '2018-02-19', 2),
	(72, '2018-02-19', 6),
	(73, '2018-02-20', 1),
	(74, '2018-02-21', 3),
	(75, '2018-02-22', 7),
	(76, '2018-02-23', 5),
	(77, '2018-02-24', 1),
	(78, '2018-02-25', 7),
	(79, '2018-02-26', 3),
	(80, '2018-02-27', 1),
	(81, '2018-02-28', 1),
	(82, '2018-03-01', 8),
	(83, '2018-03-02', 1),
	(84, '2018-03-03', 2),
	(85, '2018-03-03', 6),
	(86, '2018-03-04', 5),
	(87, '2018-03-04', 2),
	(88, '2018-03-04', 3),
	(89, '2018-03-05', 3),
	(90, '2018-03-05', 6),
	(91, '2018-03-06', 1),
	(92, '2018-03-06', 2),
	(93, '2018-03-06', 5),
	(94, '2018-03-07', 3),
	(95, '2018-03-08', 9),
	(96, '2018-03-08', 5),
	(97, '2018-03-09', 5),
	(98, '2018-03-10', 9),
	(99, '2018-03-11', 6),
	(100, '2018-03-12', 4),
	(101, '2018-03-12', 10),
	(102, '2018-03-13', 5),
	(103, '2018-03-13', 5),
	(104, '2018-03-14', 10),
	(105, '2018-03-14', 4),
	(106, '2018-03-14', 1),
	(107, '2018-03-15', 3),
	(108, '2018-03-16', 6),
	(109, '2018-03-17', 1),
	(110, '2018-03-17', 3),
	(111, '2018-03-17', 7),
	(112, '2018-03-18', 6),
	(113, '2018-03-19', 8),
	(114, '2018-03-20', 3),
	(115, '2018-03-21', 7),
	(116, '2018-03-21', 5),
	(117, '2018-03-22', 1),
	(118, '2018-03-23', 7),
	(119, '2018-03-24', 3),
	(120, '2018-03-25', 2),
	(121, '2018-03-26', 1),
	(122, '2018-03-27', 4),
	(123, '2018-03-27', 5),
	(124, '2018-03-28', 1),
	(125, '2018-03-29', 7),
	(126, '2018-03-30', 3),
	(127, '2018-03-30', 1),
	(128, '2018-03-31', 6),
	(129, '2018-03-31', 10),
	(130, '2018-04-01', 8),
	(131, '2018-04-02', 1),
	(132, '2018-04-03', 2),
	(133, '2018-04-03', 6),
	(134, '2018-04-04', 5),
	(135, '2018-04-04', 2),
	(136, '2018-04-04', 3),
	(137, '2018-04-05', 3),
	(138, '2018-04-05', 6),
	(139, '2018-04-06', 1),
	(140, '2018-04-06', 2),
	(141, '2018-04-06', 5),
	(142, '2018-04-07', 3),
	(143, '2018-04-08', 9),
	(144, '2018-04-08', 5),
	(145, '2018-04-09', 5),
	(146, '2018-04-10', 9),
	(147, '2018-04-11', 6),
	(148, '2018-04-12', 4),
	(149, '2018-04-12', 10),
	(150, '2018-04-13', 5),
	(151, '2018-04-13', 5),
	(152, '2018-04-14', 10),
	(153, '2018-04-14', 4),
	(154, '2018-04-14', 1),
	(155, '2018-04-15', 3),
	(156, '2018-04-16', 6),
	(157, '2018-04-17', 1),
	(158, '2018-04-17', 3),
	(159, '2018-04-17', 7),
	(160, '2018-04-18', 6),
	(161, '2018-04-19', 8),
	(162, '2018-04-20', 3),
	(163, '2018-04-21', 7),
	(164, '2018-04-21', 5),
	(165, '2018-04-22', 1),
	(166, '2018-04-23', 7),
	(167, '2018-04-24', 3),
	(168, '2018-04-25', 2),
	(169, '2018-04-26', 10),
	(170, '2018-04-27', 4),
	(171, '2018-04-27', 5),
	(172, '2018-04-28', 1),
	(173, '2018-04-29', 7),
	(174, '2018-04-30', 3),
	(175, '2018-04-30', 1),
	(176, '2018-05-01', 8),
	(177, '2018-05-02', 12),
	(178, '2018-05-02', 1),
	(179, '2018-05-02', 2),
	(180, '2018-05-03', 6),
	(181, '2018-05-04', 8),
	(182, '2018-05-04', 9),
	(183, '2018-05-04', 10),
	(184, '2018-05-05', 3),
	(185, '2018-05-05', 6),
	(186, '2018-05-06', 1),
	(187, '2018-05-06', 9),
	(188, '2018-05-06', 5),
	(189, '2018-05-07', 3),
	(190, '2018-05-08', 11),
	(191, '2018-05-08', 5),
	(192, '2018-05-09', 5),
	(193, '2018-05-10', 9),
	(194, '2018-05-10', 6),
	(195, '2018-05-10', 4),
	(196, '2018-05-11', 10),
	(197, '2018-05-12', 5),
	(198, '2018-05-12', 12),
	(199, '2018-05-13', 10),
	(200, '2018-05-14', 4),
	(201, '2018-05-14', 1),
	(202, '2018-05-15', 3),
	(203, '2018-05-15', 6),
	(204, '2018-05-16', 1),
	(205, '2018-05-16', 6),
	(206, '2018-05-17', 7),
	(207, '2018-05-18', 6),
	(208, '2018-05-18', 8),
	(209, '2018-05-18', 3),
	(210, '2018-05-19', 7),
	(211, '2018-05-20', 5),
	(212, '2018-05-20', 1),
	(213, '2018-05-21', 7),
	(214, '2018-05-22', 3),
	(215, '2018-05-23', 2),
	(216, '2018-05-24', 10),
	(217, '2018-05-24', 4),
	(218, '2018-05-25', 5),
	(219, '2018-05-26', 1),
	(220, '2018-05-27', 7),
	(221, '2018-05-28', 3),
	(222, '2018-05-29', 12),
	(223, '2018-05-30', 5),
	(224, '2018-05-30', 1),
	(225, '2018-05-30', 7),
	(226, '2018-05-30', 3),
	(227, '2018-05-31', 1),
	(228, '2018-06-01', 12),
	(229, '2018-06-02', 1),
	(230, '2018-06-02', 2),
	(231, '2018-06-03', 6),
	(232, '2018-06-04', 8),
	(233, '2018-06-04', 9),
	(234, '2018-06-04', 10),
	(235, '2018-06-05', 3),
	(236, '2018-06-05', 6),
	(237, '2018-06-06', 1),
	(238, '2018-06-06', 9),
	(239, '2018-06-06', 5),
	(240, '2018-06-07', 3),
	(241, '2018-06-08', 11),
	(242, '2018-06-08', 5),
	(243, '2018-06-09', 2),
	(244, '2018-06-10', 9),
	(245, '2018-06-10', 6),
	(246, '2018-06-10', 4),
	(247, '2018-06-11', 10),
	(248, '2018-06-12', 5),
	(249, '2018-06-12', 12),
	(250, '2018-06-13', 10),
	(251, '2018-06-14', 3),
	(252, '2018-06-14', 1),
	(253, '2018-06-15', 3),
	(254, '2018-06-15', 14),
	(255, '2018-06-16', 1),
	(256, '2018-06-16', 6),
	(257, '2018-06-17', 7),
	(258, '2018-06-18', 1),
	(259, '2018-06-18', 8),
	(260, '2018-06-18', 3),
	(261, '2018-06-19', 7),
	(262, '2018-06-20', 5),
	(263, '2018-06-20', 11),
	(264, '2018-06-21', 7),
	(265, '2018-06-22', 3),
	(266, '2018-06-23', 12),
	(267, '2018-06-24', 10),
	(268, '2018-06-24', 4),
	(269, '2018-06-25', 5),
	(270, '2018-06-26', 1),
	(271, '2018-06-27', 7),
	(272, '2018-06-28', 3),
	(273, '2018-06-29', 12),
	(274, '2018-06-30', 5),
	(275, '2018-06-30', 1),
	(276, '2018-06-30', 7),
	(277, '2018-06-30', 3),
	(278, '2018-07-01', 12),
	(279, '2018-07-01', 3),
	(280, '2018-07-01', 2),
	(281, '2018-07-02', 4),
	(282, '2018-07-03', 8),
	(283, '2018-07-03', 9),
	(284, '2018-07-03', 14),
	(285, '2018-07-04', 3),
	(286, '2018-07-04', 6),
	(287, '2018-07-05', 11),
	(288, '2018-07-06', 9),
	(289, '2018-07-06', 5),
	(290, '2018-07-07', 3),
	(291, '2018-07-07', 11),
	(292, '2018-07-07', 5),
	(293, '2018-07-07', 2),
	(294, '2018-07-08', 9),
	(295, '2018-07-08', 6),
	(296, '2018-07-09', 4),
	(297, '2018-07-10', 10),
	(298, '2018-07-10', 5),
	(299, '2018-07-10', 12),
	(300, '2018-07-11', 10),
	(301, '2018-07-12', 3),
	(302, '2018-07-13', 1),
	(303, '2018-07-13', 3),
	(304, '2018-07-14', 14),
	(305, '2018-07-15', 1),
	(306, '2018-07-16', 6),
	(307, '2018-07-16', 7),
	(308, '2018-07-17', 1),
	(309, '2018-07-18', 8),
	(310, '2018-07-18', 2),
	(311, '2018-07-19', 7),
	(312, '2018-07-19', 5),
	(313, '2018-07-19', 11),
	(314, '2018-07-20', 7),
	(315, '2018-07-21', 3),
	(316, '2018-07-22', 12),
	(317, '2018-07-23', 10),
	(318, '2018-07-23', 4),
	(319, '2018-07-24', 5),
	(320, '2018-07-24', 6),
	(321, '2018-07-24', 7),
	(322, '2018-07-25', 3),
	(323, '2018-07-25', 12),
	(324, '2018-07-25', 5),
	(325, '2018-07-26', 15),
	(326, '2018-07-26', 7),
	(327, '2018-07-27', 3),
	(328, '2018-07-28', 14),
	(329, '2018-07-29', 5),
	(330, '2018-07-29', 11),
	(331, '2018-07-29', 7),
	(332, '2018-07-30', 3),
	(333, '2018-07-30', 12),
	(334, '2018-07-30', 5),
	(335, '2018-07-31', 13),
	(336, '2018-07-31', 7),
	(337, '2018-07-31', 3),
	(338, '2018-08-01', 8),
	(339, '2018-08-02', 2),
	(340, '2018-08-03', 3),
	(341, '2018-08-04', 6),
	(342, '2018-08-05', 2),
	(343, '2018-08-06', 3),
	(344, '2018-08-07', 6),
	(345, '2018-08-08', 5),
	(346, '2018-08-09', 1),
	(347, '2018-08-10', 7),
	(348, '2018-08-11', 2),
	(349, '2018-08-12', 3),
	(350, '2018-08-13', 4),
	(351, '2018-08-14', 8),
	(352, '2018-08-15', 5),
	(353, '2018-08-16', 4),
	(354, '2018-08-17', 9),
	(355, '2018-08-18', 4),
	(356, '2018-08-19', 3),
	(357, '2018-08-20', 2),
	(358, '2018-08-20', 6),
	(359, '2018-08-20', 8),
	(360, '2018-08-20', 4),
	(361, '2018-08-21', 1),
	(362, '2018-08-21', 9),
	(363, '2018-08-21', 4),
	(364, '2018-08-22', 7),
	(365, '2018-08-22', 3),
	(366, '2018-08-22', 8),
	(367, '2018-08-23', 7),
	(368, '2018-08-24', 1),
	(369, '2018-08-25', 9),
	(370, '2018-08-26', 4),
	(371, '2018-08-27', 5),
	(372, '2018-08-28', 7),
	(373, '2018-08-29', 8),
	(374, '2018-08-30', 3),
	(375, '2018-08-31', 6),
	(376, '2018-09-01', 8),
	(377, '2018-09-01', 2),
	(378, '2018-09-01', 3),
	(379, '2018-09-02', 6),
	(380, '2018-09-02', 2),
	(381, '2018-09-03', 3),
	(382, '2018-09-04', 6),
	(383, '2018-09-05', 15),
	(384, '2018-09-06', 1),
	(385, '2018-09-06', 6),
	(386, '2018-09-07', 2),
	(387, '2018-09-08', 3),
	(388, '2018-09-08', 4),
	(389, '2018-09-08', 8),
	(390, '2018-09-09', 5),
	(391, '2018-09-10', 14),
	(392, '2018-09-11', 9),
	(393, '2018-09-12', 14),
	(394, '2018-09-13', 3),
	(395, '2018-09-14', 9),
	(396, '2018-09-15', 6),
	(397, '2018-09-16', 8),
	(398, '2018-09-17', 4),
	(399, '2018-09-18', 10),
	(400, '2018-09-19', 9),
	(401, '2018-09-19', 4),
	(402, '2018-09-19', 7),
	(403, '2018-09-20', 13),
	(404, '2018-09-21', 8),
	(405, '2018-09-22', 7),
	(406, '2018-09-23', 11),
	(407, '2018-09-23', 9),
	(408, '2018-09-24', 4),
	(409, '2018-09-25', 5),
	(410, '2018-09-25', 2),
	(411, '2018-09-25', 8),
	(412, '2018-09-26', 3),
	(413, '2018-09-27', 6),
	(414, '2018-09-27', 9),
	(415, '2018-09-28', 10),
	(416, '2018-09-29', 1),
	(417, '2018-09-29', 6),
	(418, '2018-09-30', 8),
	(419, '2018-10-01', 8),
	(420, '2018-10-01', 2),
	(421, '2018-10-02', 3),
	(422, '2018-10-02', 6),
	(423, '2018-10-02', 2),
	(424, '2018-10-03', 3),
	(425, '2018-10-03', 6),
	(426, '2018-10-04', 15),
	(427, '2018-10-05', 1),
	(428, '2018-10-05', 6),
	(429, '2018-10-05', 2),
	(430, '2018-10-06', 3),
	(431, '2018-10-07', 4),
	(432, '2018-10-08', 8),
	(433, '2018-10-09', 5),
	(434, '2018-10-10', 14),
	(435, '2018-10-11', 9),
	(436, '2018-10-12', 14),
	(437, '2018-10-13', 3),
	(438, '2018-10-14', 9),
	(439, '2018-10-15', 6),
	(440, '2018-10-16', 8),
	(441, '2018-10-17', 4),
	(442, '2018-10-17', 10),
	(443, '2018-10-17', 9),
	(444, '2018-10-18', 4),
	(445, '2018-10-19', 7),
	(446, '2018-10-20', 13),
	(447, '2018-10-20', 8),
	(448, '2018-10-21', 7),
	(449, '2018-10-21', 11),
	(450, '2018-10-22', 9),
	(451, '2018-10-23', 4),
	(452, '2018-10-24', 5),
	(453, '2018-10-25', 2),
	(454, '2018-10-25', 8),
	(455, '2018-10-26', 3),
	(456, '2018-10-27', 6),
	(457, '2018-10-27', 9),
	(458, '2018-10-28', 10),
	(459, '2018-10-29', 1),
	(460, '2018-10-29', 6),
	(461, '2018-10-30', 8),
	(462, '2018-10-31', 3),
	(463, '2018-10-31', 8),
	(464, '2018-10-31', 17),
	(465, '2018-10-31', 18),
	(466, '2018-11-01', 18),
	(467, '2018-11-01', 8),
	(468, '2018-11-01', 2),
	(469, '2018-11-02', 3),
	(470, '2018-11-02', 6),
	(471, '2018-11-02', 2),
	(472, '2018-11-03', 3),
	(473, '2018-11-03', 6),
	(474, '2018-11-04', 15),
	(475, '2018-11-05', 11),
	(476, '2018-11-05', 6),
	(477, '2018-11-05', 4),
	(478, '2018-11-06', 13),
	(479, '2018-11-07', 4),
	(480, '2018-11-08', 8),
	(481, '2018-11-09', 5),
	(482, '2018-11-10', 14),
	(483, '2018-11-11', 9),
	(484, '2018-11-12', 14),
	(485, '2018-11-13', 3),
	(486, '2018-11-14', 9),
	(487, '2018-11-15', 6),
	(488, '2018-11-16', 8),
	(489, '2018-11-17', 4),
	(490, '2018-11-17', 10),
	(491, '2018-11-17', 9),
	(492, '2018-11-18', 4),
	(493, '2018-11-19', 17),
	(494, '2018-11-20', 13),
	(495, '2018-11-20', 8),
	(496, '2018-11-21', 7),
	(497, '2018-11-21', 11),
	(498, '2018-11-22', 9),
	(499, '2018-11-23', 4),
	(500, '2018-11-24', 5),
	(501, '2018-11-25', 16),
	(502, '2018-11-25', 8),
	(503, '2018-11-26', 3),
	(504, '2018-11-27', 6),
	(505, '2018-11-27', 9),
	(506, '2018-11-28', 10),
	(507, '2018-11-29', 1),
	(508, '2018-11-29', 6),
	(509, '2018-11-30', 18),
	(510, '2018-11-30', 3),
	(511, '2018-11-30', 8),
	(512, '2018-12-01', 18),
	(513, '2018-12-01', 19),
	(514, '2018-12-02', 20),
	(515, '2018-12-02', 4),
	(516, '2018-12-03', 2),
	(517, '2018-12-03', 3),
	(518, '2018-12-04', 6),
	(519, '2018-12-05', 5),
	(520, '2018-12-06', 1),
	(521, '2018-12-06', 18),
	(522, '2018-12-07', 2),
	(523, '2018-12-07', 3),
	(524, '2018-12-08', 4),
	(525, '2018-12-08', 5),
	(526, '2018-12-09', 5),
	(527, '2018-12-09', 4),
	(528, '2018-12-10', 8),
	(529, '2018-12-10', 19),
	(530, '2018-12-10', 3),
	(531, '2018-12-11', 20),
	(532, '2018-12-12', 5),
	(533, '2018-12-13', 3),
	(534, '2018-12-13', 4),
	(535, '2018-12-14', 12),
	(536, '2018-12-14', 13),
	(537, '2018-12-15', 4),
	(538, '2018-12-15', 10),
	(539, '2018-12-16', 3),
	(540, '2018-12-16', 12),
	(541, '2018-12-16', 2),
	(542, '2018-12-17', 1),
	(543, '2018-12-18', 3),
	(544, '2018-12-19', 4),
	(545, '2018-12-20', 15),
	(546, '2018-12-21', 1),
	(547, '2018-12-22', 4),
	(548, '2018-12-22', 16),
	(549, '2018-12-23', 1),
	(550, '2018-12-24', 20),
	(551, '2018-12-25', 17),
	(552, '2018-12-26', 3),
	(553, '2018-12-26', 4),
	(554, '2018-12-27', 5),
	(555, '2018-12-28', 20),
	(556, '2018-12-29', 4),
	(557, '2018-12-30', 3),
	(558, '2018-12-31', 7);
/*!40000 ALTER TABLE `order` ENABLE KEYS */;

-- Volcando estructura para tabla mydatabase.orderproduct
DROP TABLE IF EXISTS `orderproduct`;
CREATE TABLE IF NOT EXISTS `orderproduct` (
  `orderProductID` smallint(6) unsigned NOT NULL AUTO_INCREMENT,
  `productID` smallint(6) unsigned NOT NULL,
  `orderID` smallint(6) unsigned NOT NULL,
  `quantity` smallint(5) unsigned NOT NULL,
  PRIMARY KEY (`orderProductID`),
  KEY `ORD_FK` (`orderID`),
  KEY `PRD_FK` (`productID`),
  CONSTRAINT `ORD_FK` FOREIGN KEY (`orderID`) REFERENCES `order` (`orderID`),
  CONSTRAINT `PRD_FK` FOREIGN KEY (`productID`) REFERENCES `product` (`productID`)
) ENGINE=InnoDB AUTO_INCREMENT=680 DEFAULT CHARSET=latin1;

-- Volcando datos para la tabla mydatabase.orderproduct: ~677 rows (aproximadamente)
DELETE FROM `orderproduct`;
/*!40000 ALTER TABLE `orderproduct` DISABLE KEYS */;
INSERT INTO `orderproduct` (`orderProductID`, `productID`, `orderID`, `quantity`) VALUES
	(1, 1, 1, 1),
	(2, 2, 2, 2),
	(3, 3, 2, 1),
	(4, 4, 3, 1),
	(5, 5, 3, 1),
	(6, 6, 3, 1),
	(7, 7, 4, 3),
	(8, 8, 5, 1),
	(9, 1, 6, 1),
	(10, 2, 7, 1),
	(11, 3, 8, 1),
	(12, 4, 9, 1),
	(13, 5, 10, 1),
	(14, 20, 11, 1),
	(15, 7, 12, 1),
	(16, 8, 13, 1),
	(17, 19, 14, 2),
	(18, 10, 15, 2),
	(19, 11, 16, 4),
	(20, 12, 17, 2),
	(21, 13, 18, 3),
	(22, 14, 19, 1),
	(23, 15, 20, 3),
	(24, 16, 21, 1),
	(25, 19, 22, 2),
	(26, 11, 23, 1),
	(27, 2, 24, 1),
	(28, 1, 24, 1),
	(29, 3, 25, 1),
	(30, 4, 26, 1),
	(31, 15, 27, 1),
	(32, 6, 28, 1),
	(33, 7, 29, 1),
	(34, 18, 30, 1),
	(35, 29, 31, 2),
	(36, 30, 32, 1),
	(37, 11, 33, 2),
	(38, 12, 33, 3),
	(39, 23, 34, 1),
	(40, 13, 35, 1),
	(41, 14, 36, 2),
	(42, 15, 37, 1),
	(43, 16, 38, 1),
	(44, 17, 39, 1),
	(45, 25, 40, 1),
	(46, 6, 41, 1),
	(47, 1, 41, 1),
	(48, 2, 42, 2),
	(49, 19, 42, 1),
	(50, 4, 43, 1),
	(51, 5, 43, 1),
	(52, 6, 43, 1),
	(53, 27, 44, 3),
	(54, 8, 45, 1),
	(55, 1, 46, 1),
	(56, 22, 47, 1),
	(57, 3, 48, 1),
	(58, 4, 49, 1),
	(59, 5, 50, 1),
	(60, 20, 51, 1),
	(61, 7, 52, 1),
	(62, 8, 53, 1),
	(63, 19, 54, 2),
	(64, 10, 55, 2),
	(65, 11, 56, 4),
	(66, 12, 57, 2),
	(67, 13, 58, 3),
	(68, 14, 59, 1),
	(69, 15, 60, 3),
	(70, 16, 61, 1),
	(71, 19, 62, 2),
	(72, 11, 63, 1),
	(73, 2, 64, 1),
	(74, 1, 65, 1),
	(75, 3, 65, 1),
	(76, 4, 66, 1),
	(77, 32, 67, 1),
	(78, 6, 67, 1),
	(79, 30, 68, 1),
	(80, 18, 68, 1),
	(81, 29, 69, 2),
	(82, 30, 70, 1),
	(83, 11, 71, 2),
	(84, 12, 72, 3),
	(85, 23, 73, 1),
	(86, 3, 74, 1),
	(87, 14, 75, 2),
	(88, 15, 76, 1),
	(89, 26, 77, 4),
	(90, 17, 78, 1),
	(91, 20, 79, 3),
	(92, 6, 80, 1),
	(93, 25, 80, 1),
	(94, 6, 81, 1),
	(95, 19, 82, 1),
	(96, 2, 82, 2),
	(97, 19, 83, 2),
	(98, 4, 83, 1),
	(99, 5, 83, 1),
	(100, 6, 83, 1),
	(101, 27, 84, 3),
	(102, 8, 85, 1),
	(103, 1, 86, 1),
	(104, 22, 87, 1),
	(105, 3, 88, 1),
	(106, 24, 89, 3),
	(107, 5, 90, 1),
	(108, 20, 91, 1),
	(109, 17, 92, 3),
	(110, 8, 93, 1),
	(111, 19, 94, 2),
	(112, 10, 95, 2),
	(113, 11, 96, 4),
	(114, 12, 97, 2),
	(115, 13, 98, 3),
	(116, 14, 99, 1),
	(117, 15, 100, 3),
	(118, 16, 101, 1),
	(119, 19, 102, 2),
	(120, 11, 103, 1),
	(121, 2, 104, 1),
	(122, 1, 105, 1),
	(123, 23, 105, 3),
	(124, 4, 106, 1),
	(125, 32, 107, 1),
	(126, 6, 108, 1),
	(127, 30, 109, 2),
	(128, 18, 110, 1),
	(129, 29, 111, 2),
	(130, 30, 112, 1),
	(131, 11, 113, 2),
	(132, 12, 114, 3),
	(133, 23, 115, 1),
	(134, 3, 116, 1),
	(135, 13, 117, 2),
	(136, 15, 118, 1),
	(137, 26, 119, 4),
	(138, 1, 120, 1),
	(139, 2, 121, 3),
	(140, 16, 122, 1),
	(141, 25, 123, 1),
	(142, 6, 124, 1),
	(143, 6, 125, 1),
	(144, 21, 125, 1),
	(145, 6, 126, 1),
	(146, 3, 127, 1),
	(147, 6, 128, 1),
	(148, 1, 129, 1),
	(149, 6, 129, 1),
	(150, 19, 130, 1),
	(151, 2, 130, 2),
	(152, 19, 131, 2),
	(153, 4, 132, 1),
	(154, 5, 133, 1),
	(155, 26, 134, 2),
	(156, 27, 135, 3),
	(157, 8, 136, 1),
	(158, 1, 137, 1),
	(159, 22, 138, 1),
	(160, 3, 139, 1),
	(161, 24, 140, 3),
	(162, 5, 141, 1),
	(163, 20, 142, 1),
	(164, 17, 143, 3),
	(165, 8, 144, 1),
	(166, 19, 145, 2),
	(167, 1, 146, 1),
	(168, 11, 147, 4),
	(169, 12, 148, 2),
	(170, 13, 149, 3),
	(171, 14, 150, 1),
	(172, 15, 151, 3),
	(173, 16, 152, 1),
	(174, 9, 153, 2),
	(175, 11, 154, 1),
	(176, 2, 155, 1),
	(177, 1, 156, 1),
	(178, 23, 156, 3),
	(179, 4, 156, 1),
	(180, 31, 157, 1),
	(181, 6, 157, 1),
	(182, 30, 158, 3),
	(183, 18, 159, 1),
	(184, 29, 160, 2),
	(185, 30, 160, 1),
	(186, 11, 161, 2),
	(187, 12, 162, 3),
	(188, 23, 163, 1),
	(189, 3, 164, 1),
	(190, 17, 165, 2),
	(191, 15, 166, 1),
	(192, 26, 166, 4),
	(193, 1, 167, 1),
	(194, 22, 168, 3),
	(195, 16, 169, 1),
	(196, 25, 170, 1),
	(197, 6, 170, 1),
	(198, 6, 171, 1),
	(199, 21, 172, 1),
	(200, 6, 173, 1),
	(201, 3, 174, 1),
	(202, 26, 174, 1),
	(203, 11, 175, 1),
	(204, 16, 175, 1),
	(205, 19, 176, 1),
	(206, 2, 177, 2),
	(207, 19, 177, 2),
	(208, 4, 178, 1),
	(209, 5, 179, 1),
	(210, 6, 180, 1),
	(211, 27, 181, 3),
	(212, 8, 182, 1),
	(213, 1, 183, 1),
	(214, 22, 184, 1),
	(215, 3, 185, 1),
	(216, 24, 186, 3),
	(217, 5, 187, 1),
	(218, 20, 188, 1),
	(219, 17, 189, 3),
	(220, 8, 190, 1),
	(221, 19, 191, 2),
	(222, 10, 191, 2),
	(223, 11, 192, 4),
	(224, 12, 193, 2),
	(225, 13, 194, 3),
	(226, 14, 195, 1),
	(227, 15, 196, 3),
	(228, 16, 196, 1),
	(229, 19, 197, 2),
	(230, 11, 198, 1),
	(231, 2, 199, 1),
	(232, 1, 200, 1),
	(233, 23, 201, 3),
	(234, 4, 202, 1),
	(235, 32, 203, 1),
	(236, 6, 204, 1),
	(237, 30, 205, 2),
	(238, 18, 206, 1),
	(239, 29, 207, 2),
	(240, 30, 208, 1),
	(241, 11, 209, 2),
	(242, 12, 210, 3),
	(243, 23, 211, 1),
	(244, 3, 211, 1),
	(245, 13, 212, 2),
	(246, 15, 213, 1),
	(247, 26, 214, 4),
	(248, 1, 214, 1),
	(249, 2, 215, 3),
	(250, 16, 216, 1),
	(251, 25, 217, 1),
	(252, 6, 218, 1),
	(253, 6, 219, 1),
	(254, 21, 220, 1),
	(255, 6, 221, 1),
	(256, 3, 222, 1),
	(257, 6, 222, 1),
	(258, 1, 223, 1),
	(259, 6, 223, 1),
	(260, 25, 224, 1),
	(261, 6, 225, 1),
	(262, 6, 225, 1),
	(263, 21, 226, 1),
	(264, 6, 227, 1),
	(265, 3, 227, 1),
	(266, 23, 228, 2),
	(267, 19, 229, 2),
	(268, 4, 230, 1),
	(269, 25, 231, 2),
	(270, 6, 231, 1),
	(271, 27, 232, 3),
	(272, 8, 233, 1),
	(273, 1, 234, 1),
	(274, 22, 235, 1),
	(275, 3, 236, 1),
	(276, 24, 237, 3),
	(277, 5, 238, 1),
	(278, 20, 239, 1),
	(279, 17, 240, 3),
	(280, 8, 241, 1),
	(281, 19, 242, 2),
	(282, 18, 243, 2),
	(283, 11, 244, 4),
	(284, 12, 245, 2),
	(285, 13, 246, 3),
	(286, 24, 247, 1),
	(287, 15, 248, 3),
	(288, 16, 249, 2),
	(289, 19, 249, 2),
	(290, 11, 250, 1),
	(291, 28, 250, 1),
	(292, 1, 250, 1),
	(293, 23, 251, 3),
	(294, 4, 252, 1),
	(295, 32, 253, 1),
	(296, 6, 254, 1),
	(297, 30, 255, 2),
	(298, 18, 256, 1),
	(299, 29, 257, 2),
	(300, 30, 258, 3),
	(301, 23, 259, 2),
	(302, 29, 259, 3),
	(303, 23, 260, 1),
	(304, 3, 261, 1),
	(305, 13, 262, 2),
	(306, 15, 262, 1),
	(307, 26, 263, 4),
	(308, 1, 264, 1),
	(309, 2, 265, 3),
	(310, 16, 266, 1),
	(311, 25, 267, 2),
	(312, 8, 268, 3),
	(313, 6, 269, 1),
	(314, 21, 270, 2),
	(315, 6, 271, 1),
	(316, 13, 272, 1),
	(317, 6, 272, 1),
	(318, 17, 273, 1),
	(319, 6, 273, 1),
	(320, 25, 24, 1),
	(321, 6, 275, 1),
	(322, 6, 275, 1),
	(323, 21, 276, 4),
	(324, 6, 277, 1),
	(325, 3, 277, 1),
	(326, 4, 278, 2),
	(327, 19, 279, 2),
	(328, 4, 280, 1),
	(329, 25, 280, 2),
	(330, 6, 281, 1),
	(331, 27, 282, 3),
	(332, 8, 283, 1),
	(333, 1, 283, 1),
	(334, 22, 284, 1),
	(335, 3, 285, 1),
	(336, 24, 286, 3),
	(337, 25, 287, 1),
	(338, 20, 288, 1),
	(339, 17, 289, 3),
	(340, 8, 289, 1),
	(341, 19, 290, 2),
	(342, 18, 291, 2),
	(343, 11, 291, 4),
	(344, 12, 292, 2),
	(345, 13, 293, 3),
	(346, 24, 294, 1),
	(347, 15, 295, 3),
	(348, 8, 296, 2),
	(349, 19, 297, 2),
	(350, 11, 298, 1),
	(351, 28, 299, 1),
	(352, 16, 300, 1),
	(353, 23, 300, 3),
	(354, 4, 301, 1),
	(355, 32, 302, 1),
	(356, 6, 303, 1),
	(357, 31, 304, 2),
	(358, 18, 305, 1),
	(359, 29, 306, 2),
	(360, 32, 307, 3),
	(361, 23, 307, 2),
	(362, 21, 308, 3),
	(363, 23, 309, 1),
	(364, 3, 309, 1),
	(365, 13, 310, 2),
	(366, 15, 311, 1),
	(367, 14, 311, 4),
	(368, 1, 312, 1),
	(369, 2, 313, 3),
	(370, 16, 314, 1),
	(371, 25, 314, 2),
	(372, 8, 315, 3),
	(373, 6, 316, 1),
	(374, 21, 317, 2),
	(375, 6, 318, 1),
	(376, 13, 319, 1),
	(377, 6, 319, 1),
	(378, 17, 319, 1),
	(379, 6, 320, 1),
	(380, 25, 320, 1),
	(381, 6, 321, 1),
	(382, 6, 322, 1),
	(383, 21, 323, 4),
	(384, 6, 324, 1),
	(385, 3, 325, 1),
	(386, 8, 326, 3),
	(387, 6, 326, 1),
	(388, 21, 327, 2),
	(389, 6, 328, 1),
	(390, 13, 329, 1),
	(391, 6, 330, 1),
	(392, 17, 330, 1),
	(393, 6, 331, 1),
	(394, 25, 332, 1),
	(395, 6, 333, 1),
	(396, 6, 334, 1),
	(397, 21, 335, 4),
	(398, 6, 336, 1),
	(399, 23, 337, 2),
	(400, 1, 338, 1),
	(401, 2, 339, 1),
	(402, 3, 340, 1),
	(403, 24, 341, 1),
	(404, 5, 342, 1),
	(405, 16, 343, 1),
	(406, 7, 344, 1),
	(407, 8, 345, 1),
	(408, 1, 346, 1),
	(409, 2, 347, 1),
	(410, 22, 347, 4),
	(411, 23, 347, 5),
	(412, 24, 348, 1),
	(413, 6, 348, 2),
	(414, 17, 349, 1),
	(415, 8, 350, 2),
	(416, 9, 351, 2),
	(417, 10, 352, 2),
	(418, 11, 353, 4),
	(419, 25, 354, 2),
	(420, 13, 355, 3),
	(421, 14, 356, 1),
	(422, 15, 357, 3),
	(423, 20, 357, 1),
	(424, 19, 358, 2),
	(425, 18, 359, 3),
	(426, 12, 360, 1),
	(427, 20, 361, 3),
	(428, 3, 362, 1),
	(429, 4, 363, 1),
	(430, 5, 364, 1),
	(431, 6, 365, 3),
	(432, 7, 365, 2),
	(433, 8, 366, 1),
	(434, 9, 367, 2),
	(435, 10, 368, 1),
	(436, 11, 369, 2),
	(437, 12, 370, 3),
	(438, 27, 370, 3),
	(439, 13, 371, 1),
	(440, 14, 372, 2),
	(441, 15, 372, 1),
	(442, 16, 373, 1),
	(443, 17, 373, 1),
	(444, 18, 373, 1),
	(445, 19, 374, 2),
	(446, 20, 375, 3),
	(447, 21, 375, 1),
	(448, 1, 375, 1),
	(449, 8, 375, 1),
	(450, 1, 376, 1),
	(451, 22, 376, 3),
	(452, 3, 377, 1),
	(453, 4, 378, 1),
	(454, 5, 379, 1),
	(455, 6, 379, 1),
	(456, 7, 380, 1),
	(457, 8, 380, 2),
	(458, 1, 380, 1),
	(459, 2, 381, 1),
	(460, 22, 382, 4),
	(461, 10, 383, 5),
	(462, 24, 384, 1),
	(463, 6, 384, 2),
	(464, 7, 384, 1),
	(465, 8, 385, 2),
	(466, 9, 386, 2),
	(467, 10, 387, 2),
	(468, 1, 387, 2),
	(469, 5, 388, 2),
	(470, 13, 389, 3),
	(471, 14, 390, 1),
	(472, 15, 391, 3),
	(473, 4, 392, 1),
	(474, 19, 393, 2),
	(475, 18, 394, 3),
	(476, 12, 395, 1),
	(477, 20, 396, 3),
	(478, 31, 397, 1),
	(479, 4, 398, 1),
	(480, 5, 398, 1),
	(481, 6, 399, 3),
	(482, 7, 400, 2),
	(483, 8, 400, 1),
	(484, 9, 401, 2),
	(485, 10, 402, 1),
	(486, 11, 402, 2),
	(487, 12, 403, 3),
	(488, 23, 404, 1),
	(489, 13, 405, 1),
	(490, 14, 406, 2),
	(491, 5, 407, 1),
	(492, 16, 408, 1),
	(493, 27, 409, 1),
	(494, 18, 410, 1),
	(495, 19, 411, 2),
	(496, 20, 412, 3),
	(497, 21, 413, 1),
	(498, 11, 413, 4),
	(499, 8, 413, 1),
	(500, 19, 414, 2),
	(501, 20, 414, 3),
	(502, 20, 415, 1),
	(503, 19, 416, 4),
	(504, 18, 417, 1),
	(505, 28, 418, 1),
	(506, 1, 419, 1),
	(507, 22, 420, 3),
	(508, 3, 421, 1),
	(509, 4, 421, 1),
	(510, 5, 421, 1),
	(511, 6, 422, 1),
	(512, 17, 423, 2),
	(513, 8, 424, 2),
	(514, 1, 424, 1),
	(515, 2, 425, 1),
	(516, 22, 426, 4),
	(517, 10, 427, 5),
	(518, 24, 428, 1),
	(519, 6, 429, 2),
	(520, 7, 430, 1),
	(521, 8, 430, 2),
	(522, 9, 431, 3),
	(523, 10, 432, 1),
	(524, 1, 433, 2),
	(525, 5, 434, 2),
	(526, 13, 435, 3),
	(527, 14, 436, 1),
	(528, 15, 437, 2),
	(529, 4, 438, 1),
	(530, 19, 439, 2),
	(531, 18, 440, 3),
	(532, 11, 441, 1),
	(533, 20, 442, 3),
	(534, 31, 443, 1),
	(535, 4, 444, 1),
	(536, 5, 445, 1),
	(537, 26, 446, 3),
	(538, 7, 447, 2),
	(539, 8, 447, 1),
	(540, 9, 447, 2),
	(541, 10, 448, 1),
	(542, 11, 448, 2),
	(543, 12, 449, 3),
	(544, 3, 450, 1),
	(545, 13, 451, 1),
	(546, 24, 452, 2),
	(547, 5, 452, 1),
	(548, 16, 453, 1),
	(549, 32, 454, 1),
	(550, 18, 455, 1),
	(551, 19, 456, 2),
	(552, 30, 457, 3),
	(553, 21, 458, 1),
	(554, 11, 459, 4),
	(555, 8, 460, 1),
	(556, 9, 461, 2),
	(557, 20, 462, 3),
	(558, 21, 463, 1),
	(559, 8, 463, 4),
	(560, 18, 464, 1),
	(561, 28, 465, 1),
	(562, 30, 466, 1),
	(563, 22, 466, 3),
	(564, 3, 467, 1),
	(565, 4, 468, 1),
	(567, 15, 469, 1),
	(568, 6, 469, 1),
	(569, 7, 470, 1),
	(570, 8, 470, 2),
	(571, 1, 471, 1),
	(572, 2, 471, 1),
	(573, 22, 472, 4),
	(574, 10, 473, 5),
	(575, 24, 474, 1),
	(576, 6, 474, 2),
	(577, 7, 474, 1),
	(578, 8, 475, 2),
	(579, 29, 476, 2),
	(580, 10, 477, 2),
	(581, 1, 477, 2),
	(582, 5, 478, 2),
	(583, 13, 479, 3),
	(584, 14, 480, 1),
	(585, 15, 481, 3),
	(586, 4, 482, 1),
	(587, 19, 483, 2),
	(588, 31, 484, 3),
	(589, 12, 485, 1),
	(590, 20, 486, 3),
	(591, 31, 487, 1),
	(592, 4, 488, 1),
	(593, 5, 488, 1),
	(594, 6, 489, 3),
	(595, 7, 490, 2),
	(596, 8, 490, 1),
	(597, 9, 491, 2),
	(598, 10, 492, 1),
	(599, 11, 492, 2),
	(600, 12, 493, 3),
	(601, 23, 494, 1),
	(602, 13, 495, 1),
	(603, 14, 496, 2),
	(604, 5, 497, 1),
	(605, 16, 498, 1),
	(606, 27, 499, 1),
	(607, 19, 500, 1),
	(608, 19, 501, 2),
	(609, 20, 502, 3),
	(610, 21, 503, 1),
	(611, 24, 503, 4),
	(612, 8, 504, 1),
	(613, 19, 504, 2),
	(614, 20, 504, 3),
	(615, 27, 505, 1),
	(616, 19, 506, 4),
	(617, 28, 507, 1),
	(618, 28, 508, 1),
	(619, 19, 506, 4),
	(620, 18, 507, 1),
	(621, 28, 508, 1),
	(622, 19, 509, 4),
	(623, 18, 510, 1),
	(624, 6, 511, 1),
	(625, 1, 512, 1),
	(626, 2, 513, 1),
	(627, 3, 514, 1),
	(628, 4, 515, 1),
	(629, 5, 516, 1),
	(630, 6, 517, 1),
	(631, 7, 518, 1),
	(632, 8, 519, 1),
	(633, 31, 519, 3),
	(634, 32, 520, 1),
	(635, 3, 520, 1),
	(636, 24, 521, 1),
	(637, 5, 522, 1),
	(638, 6, 523, 1),
	(639, 27, 524, 3),
	(640, 8, 525, 1),
	(641, 9, 526, 2),
	(642, 10, 527, 2),
	(643, 11, 528, 4),
	(644, 22, 529, 2),
	(645, 13, 530, 3),
	(646, 4, 531, 1),
	(647, 15, 532, 3),
	(648, 16, 533, 1),
	(649, 17, 534, 2),
	(650, 1, 535, 1),
	(651, 23, 536, 1),
	(652, 1, 537, 1),
	(653, 3, 538, 1),
	(654, 4, 539, 1),
	(656, 5, 540, 1),
	(657, 26, 541, 1),
	(658, 7, 541, 1),
	(659, 8, 542, 1),
	(660, 9, 542, 2),
	(661, 10, 543, 1),
	(662, 11, 543, 2),
	(663, 12, 544, 3),
	(664, 13, 545, 1),
	(665, 13, 546, 1),
	(666, 14, 547, 2),
	(667, 25, 548, 1),
	(668, 16, 548, 1),
	(669, 17, 549, 1),
	(670, 5, 550, 1),
	(671, 6, 551, 1),
	(672, 7, 552, 1),
	(673, 8, 553, 1),
	(674, 11, 554, 2),
	(675, 8, 554, 1),
	(676, 27, 555, 3),
	(677, 18, 556, 1),
	(678, 11, 557, 2),
	(679, 8, 558, 1);
/*!40000 ALTER TABLE `orderproduct` ENABLE KEYS */;

-- Volcando estructura para tabla mydatabase.product
DROP TABLE IF EXISTS `product`;
CREATE TABLE IF NOT EXISTS `product` (
  `productID` smallint(6) unsigned NOT NULL AUTO_INCREMENT,
  `product_name` varchar(20) NOT NULL,
  `description` tinytext,
  `price` float unsigned NOT NULL,
  `departamentID` smallint(6) unsigned DEFAULT NULL,
  PRIMARY KEY (`productID`),
  KEY `DEPT_PK` (`departamentID`),
  CONSTRAINT `DEPT_PK` FOREIGN KEY (`departamentID`) REFERENCES `departament` (`departamentID`)
) ENGINE=InnoDB AUTO_INCREMENT=33 DEFAULT CHARSET=latin1;

-- Volcando datos para la tabla mydatabase.product: ~32 rows (aproximadamente)
DELETE FROM `product`;
/*!40000 ALTER TABLE `product` DISABLE KEYS */;
INSERT INTO `product` (`productID`, `product_name`, `description`, `price`, `departamentID`) VALUES
	(1, 'Nokia 112', 'Patatofonoa', 12, 1),
	(2, 'Samsung SWO2000', 'Punta puntako teknologiya', 500, 1),
	(3, 'Iphone 6', 'Apple mobile phone', 300, 1),
	(4, 'Wireless headphones', '', 37, 1),
	(5, 'Samsung tv', 'Perfect tv toenjoy with the family', 400, 1),
	(6, 'PlayStation 4', 'Good console', 400, 1),
	(7, 'Digital camera', 'It takes ncredible photos', 250, 1),
	(8, 'GPS', 'To move in the road', 99, 1),
	(9, 'Levis Jeans', 'Very comfortable', 65, 5),
	(10, 'Denim Jacket', 'Beautiful new jacket', 40, 5),
	(11, 'Red socks', 'Ideal to wear at home', 8, 5),
	(12, 'Short skirt', 'Beautiful skirt', 22, 5),
	(13, 'Blue T-shirt', 'Basic t-shirt', 15, 5),
	(14, 'Black suit', 'Perfect for a wedding', 50, 5),
	(15, 'Flip-flop', 'Comfortable', 13, 6),
	(16, 'Black boot', 'Perfect for a rainy day', 55, 6),
	(17, 'White sneaker', 'Fits with everything', 70, 6),
	(18, 'Red Jacket', 'Really warm', 30, 5),
	(19, 'Samsung s8', 'Very good model', 350, 1),
	(20, 'LG G6', 'Good model', 350, 1),
	(21, 'Ratón inalambrico', 'Usefull', 15, 1),
	(22, 'Lenovo Tablet', 'Anyone can use it', 150, 1),
	(23, 'Kindle', 'Can have housand books', 130, 4),
	(24, 'Nike sweatshirt', 'Very useful for everything', 70, 5),
	(25, 'Katu hankak', 'Eskalatzeko katu hankak', 15.8, 2),
	(26, 'CD Negu Gorriak', 'Klasiko bat', 15, 3),
	(27, 'Txomin komunean', 'Txominen esperientziak komunean', 10.5, 4),
	(28, 'Magnesioa', 'Eskalatzeko magnesioa', 7.9, 2),
	(29, 'Iphone 3', 'Modaz ta prezioz pasauta', 100, 1),
	(30, 'Brigade Loco kamixet', 'Manexen talde faboritoa', 10, 3),
	(31, 'Capitalismo en crisi', 'Gia erabilgarri bat', 15.8, 4),
	(32, 'Arnesa', 'Eskalatzeko arnesa', 40.6, 2);
/*!40000 ALTER TABLE `product` ENABLE KEYS */;

-- Volcando estructura para tabla mydatabase.segment
DROP TABLE IF EXISTS `segment`;
CREATE TABLE IF NOT EXISTS `segment` (
  `segmentID` smallint(3) unsigned NOT NULL AUTO_INCREMENT,
  `segment` varchar(20) NOT NULL,
  `posX` smallint(6) NOT NULL,
  `posY` smallint(6) NOT NULL,
  `description` varchar(20) DEFAULT NULL,
  PRIMARY KEY (`segmentID`)
) ENGINE=InnoDB AUTO_INCREMENT=4 DEFAULT CHARSET=latin1;

-- Volcando datos para la tabla mydatabase.segment: ~0 rows (aproximadamente)
DELETE FROM `segment`;
/*!40000 ALTER TABLE `segment` DISABLE KEYS */;
/*!40000 ALTER TABLE `segment` ENABLE KEYS */;

-- Volcando estructura para tabla mydatabase.user
DROP TABLE IF EXISTS `user`;
CREATE TABLE IF NOT EXISTS `user` (
  `userID` smallint(6) unsigned NOT NULL AUTO_INCREMENT,
  `username` varchar(25) NOT NULL,
  `password` varchar(25) NOT NULL,
  `name` varchar(25) NOT NULL,
  `surname` varchar(25) NOT NULL,
  `mail` varchar(45) NOT NULL,
  `bornDat` date DEFAULT NULL,
  `usertypeID` smallint(6) unsigned DEFAULT '1',
  PRIMARY KEY (`userID`),
  UNIQUE KEY `username` (`username`),
  KEY `USER_TYP` (`usertypeID`),
  CONSTRAINT `USER_TYP` FOREIGN KEY (`usertypeID`) REFERENCES `usertype` (`usertypeID`)
) ENGINE=InnoDB AUTO_INCREMENT=25 DEFAULT CHARSET=latin1;

-- Volcando datos para la tabla mydatabase.user: ~24 rows (aproximadamente)
DELETE FROM `user`;
/*!40000 ALTER TABLE `user` DISABLE KEYS */;
INSERT INTO `user` (`userID`, `username`, `password`, `name`, `surname`, `mail`, `bornDat`, `usertypeID`) VALUES
	(1, 'manager1', 'eskolaManager1', 'M', 'M', 'M', '0000-00-00', 3),
	(2, 'manager2', 'eskolaManager2', 'M', 'M', 'M', '0000-00-00', 3),
	(3, 'operator1', 'eskolaOperator1', 'O', 'O', 'O', '0000-00-00', 2),
	(4, 'operator2', 'eskolaOperator2', 'O', 'O', 'O', '0000-00-00', 2),
	(5, 'sergiouu', 'eskola4', 'Sergio', 'Rios', 'sergio@sergio.com', '1996-04-15', 1),
	(6, 'eibarra', 'eskola5', 'Eider', 'Ibarra', 'eider@eider.com', '1998-04-21', 1),
	(7, 'lmartinez', 'eskola6', 'Laura', 'Martinez', 'leire@leire.com', '1993-08-15', 1),
	(8, 'mlizarraga', 'eskola7', 'Mikel', 'Lizarraga', 'mikel@mikel.com', '1998-01-15', 1),
	(9, 'isolozabal', 'eskola8', 'Iker', 'Solozabal', 'iker@iker.com', '1998-09-05', 1),
	(10, 'jagirre', 'eskola9', 'Joseba', 'Agirre', 'joseba@joseba.com', '1993-10-15', 1),
	(11, 'agoikoetxea', 'eskola10', 'Ane', 'Goikoetxea', 'ane@ane.com', '1995-01-02', 1),
	(12, 'aperez', 'eskola11', 'Ainhoa', 'Perez', 'ainhoa@ainhoa.com', '1994-09-05', 1),
	(13, 'xgoti', 'eskola12', 'Xabi', 'Goti', 'xabi@xabi.com', '1996-09-25', 1),
	(14, 'igarabieta', 'eskola13', 'Irune', 'Garabieta', 'irune@irune.com', '1994-04-01', 1),
	(15, 'asolorzabal', 'eskola14', 'Amaia', 'Solorzabal', 'amaia@amaia.com', '1992-08-09', 1),
	(16, 'metxeberria', 'eskola15', 'Maria', 'Etxeberria', 'maria@maria.com', '1994-02-21', 1),
	(17, 'jdiez', 'eskola16', 'Jon', 'Diez', 'jon@jon.com', '1995-06-05', 1),
	(18, 'uagirretxe', 'eskola17', 'Uxue', 'Agirretxe', 'uxue@uxue.com', '1996-03-13', 1),
	(19, 'mfernandez', 'eskola18', 'Miren', 'Fernandez', 'ane@ane.com', '1997-11-02', 1),
	(20, 'kalbizua', 'eskola19', 'Kepa', 'Albizua', 'kepa@kepa.com', '1995-07-17', 1),
	(21, 'Manexzini', 'eskola', 'Manex', 'Bengoa', 'manex@manex.com', '1998-05-25', 1),
	(22, 'iruizdeazua', 'eskola1', 'Inge', 'R azua', 'inge@inge.com', '1998-08-21', 1),
	(23, 'jzufiaurre', 'eskola2', 'Joxepa', 'Zufi', 'joxepa@joxepa.com', '1998-08-15', 1),
	(24, 'littlesafra', 'eskola3', 'Elena', 'Larreategi', 'elena@elena.com', '1998-10-15', 1);
/*!40000 ALTER TABLE `user` ENABLE KEYS */;

-- Volcando estructura para tabla mydatabase.usertype
DROP TABLE IF EXISTS `usertype`;
CREATE TABLE IF NOT EXISTS `usertype` (
  `usertypeID` smallint(6) unsigned NOT NULL AUTO_INCREMENT,
  `usertype` varchar(20) NOT NULL,
  `description` varchar(20) DEFAULT NULL,
  PRIMARY KEY (`usertypeID`)
) ENGINE=InnoDB AUTO_INCREMENT=4 DEFAULT CHARSET=latin1;

-- Volcando datos para la tabla mydatabase.usertype: ~3 rows (aproximadamente)
DELETE FROM `usertype`;
/*!40000 ALTER TABLE `usertype` DISABLE KEYS */;
INSERT INTO `usertype` (`usertypeID`, `usertype`, `description`) VALUES
	(1, 'Customer', 'Can buy'),
	(2, 'Operator', 'Operates'),
	(3, 'Manager', 'Manages');
/*!40000 ALTER TABLE `usertype` ENABLE KEYS */;

-- Volcando estructura para tabla mydatabase.workstation
DROP TABLE IF EXISTS `workstation`;
CREATE TABLE IF NOT EXISTS `workstation` (
  `workstationID` smallint(6) unsigned NOT NULL AUTO_INCREMENT,
  `workstationNam` varchar(20) NOT NULL,
  `description` varchar(20) DEFAULT NULL,
  `segmentID` smallint(6) unsigned DEFAULT NULL,
  `state` tinyint(1) DEFAULT NULL,
  PRIMARY KEY (`workstationID`),
  KEY `SEGMW_FK` (`segmentID`),
  CONSTRAINT `SEGMW_FK` FOREIGN KEY (`segmentID`) REFERENCES `segment` (`segmentID`)
) ENGINE=InnoDB AUTO_INCREMENT=4 DEFAULT CHARSET=latin1;

-- Volcando datos para la tabla mydatabase.workstation: ~0 rows (aproximadamente)
DELETE FROM `workstation`;
/*!40000 ALTER TABLE `workstation` DISABLE KEYS */;
/*!40000 ALTER TABLE `workstation` ENABLE KEYS */;

/*!40101 SET SQL_MODE=IFNULL(@OLD_SQL_MODE, '') */;
/*!40014 SET FOREIGN_KEY_CHECKS=IF(@OLD_FOREIGN_KEY_CHECKS IS NULL, 1, @OLD_FOREIGN_KEY_CHECKS) */;
/*!40101 SET CHARACTER_SET_CLIENT=@OLD_CHARACTER_SET_CLIENT */;
